{
  "project_info": {
    "project_number": "619385345352",
    "firebase_url": "https://go4lunch-662e7.firebaseio.com",
    "project_id": "go4lunch-662e7",
    "storage_bucket": "go4lunch-662e7.appspot.com"
  },
  "client": [
    {
      "client_info": {
        "mobilesdk_app_id": "1:619385345352:android:179736504c53f2c0",
        "android_client_info": {
          "package_name": "com.gacon.julien.go4lunch"
        }
      },
      "oauth_client": [
        {
          "client_id": "619385345352-quf4i53ggb4og57qko28994d5pul8goe.apps.googleusercontent.com",
          "client_type": 1,
          "android_info": {
            "package_name": "com.gacon.julien.go4lunch",
            "certificate_hash": "bfaa24546afe4cfabcf83e0385478cbcd79087ea"
          }
        },
        {
          "client_id": "619385345352-178p54k9i09cceo6duqki8imrrlugb5u.apps.googleusercontent.com",
          "client_type": 3
        }
      ],
      "api_key": [
        {
          "current_key": "AIzaSyAKRNO_8t78Km9VSLK0HBky6t1XuERkRhY"
        }
      ],
      "services": {
        "analytics_service": {
          "status": 1
        },
        "appinvite_service": {
          "status": 2,
          "other_platform_oauth_client": [
            {
              "client_id": "619385345352-178p54k9i09cceo6duqki8imrrlugb5u.apps.googleusercontent.com",
              "client_type": 3
            }
          ]
        },
        "ads_service": {
          "status": 2
        }
      }
    }
  ],
  "configuration_version": "1"
}